;;;;;;;
;;;;;;;
;;;;;;;
;;;;;;;
;;;;;;;
Daftar Isi Berkas;;;;;;;
UNIT PENGOLAH;;;: SUKU DINAS SUMBER DAYA AIR KOTA ADMINISTRASI JAKARTA UTARA;;;;
;;;;;;;
;;;;;;;
Nomor Berkas;Nomor Item Arsip;Kode Klasifikasi;Uraian Informasi Arsip;Tanggal;Jumlah;;Keterangan
1;1;-1.793.2;Surat Perintah Kerja kegiatan pengelolaan sda dan bangunan pengaman Pantai pada Wilayah Sungai Lintas Daerah Kabupaten/Kota ( CV.AKSARA BANJU MAS );07/03/23;1;Berkas;
;2;-1.793.2;Surat Pesanan Pek.Perbaikan Bangunan Jaga Pintu Air Marina;07/03/23;1;Berkas;
;3;-1.793.2;Surat Perintah Kerja Pek. Perbaikan Bangunan Jaga Pintu Air Marina;07/03/23;1;Berkas;
;4;-1.793.2;Surat Perintah Mulai Kerja  Pek.Perbaikan Bangunan Jaga Pintu Air Marina;07/03/23;1;Berkas;
;5;-1.793.2;Surat Penunjukan Penyedia Barang/Jasa (SPPBJ) Pek. Perbaikan Bangunan Jaga Pintu Air Marina;06/03/23;1;Berkas;
;6;PPBJ/2022;Pemenang Lelang Pek. Perbaikan Bangunan Jaga Pintu Air Marina;06/03/23;1;Berkas;
;7;PPBJ/2022;Peyampaian Berita Acara Hasil Pengadaan Langsung Pek. Perbaikan Bangunan Jaga Pintu Air Marina;06/03/23;1;Berkas;
;8;PPBJ/2022;Penetapan penyediaan pengadaan langsung Pek. Perbaikan Bangunan Jaga Pintu Air Marina;06/03/23;1;Berkas;
;9;PPBJ/2022;Berita Acara Hasil Pengadaan Langsung Pek. Perbaikan Bangunan Jaga Pintu Air Marina;06/03/23;1;Berkas;
;10;PPBJ/2022;Berita Acara Klarifikasi Teknis dan Negosiasi Pek. Perbaikan Bangunan Jaga Pintu Air Marina;03/03/23;1;Berkas;
;11;PPBJ/2022;Daftar Hadir Klarifikasi Teknis dan Negosiasi Pek. Perbaikan Bangunan Jaga Pintu Air Marina;03/03/23;1;Berkas;
;12;;Harga Negosiasi;03/03/23;1;Berkas;
;13;PPBJ/2022;Undangan  Klarifikasi Teknis dan Negosiasi Pek. Perbaikan Bangunan Jaga Pintu Air Marina;02/03/23;1;Berkas;
;14;PPBJ/2022;Berita Acara Hasil Evaluasi Pengadaan Pengadaan Barang Langsung Pek. Perbaikan Bangunan Jaga Pintu Air Marina;03/03/23;1;Berkas;
;15;PPBJ/2022;Lampiran Berita Acara Hasil Evaluasi Pengadaan Pengadaan Barang Langsung Pek. Perbaikan Bangunan Jaga Pintu Air Marina;03/03/23;1;Berkas;
;16;PPBJ/2022;Berita Acara Pembuktian Kualifikasi Pek. Perbaikan Bangunan Jaga Pintu Air Marina;03/03/23;1;Berkas;
;17;PPBJ/2022;Koreksi Aritmatika dan Evaluasi Prosentase Harga Penawaran Penyedia Barang/Jasa Terhadap Harga Perkiraan Sendiri (HPS);01/03/23;1;Berkas;
;18;PPBJ/2022;Hasil Pembukaan Surat Penawaran Harga Pek. Perbaikan Bangunan Jaga Pintu Air Marina;01/03/23;1;Berkas;
;19;PPBJ/2022;Berita Acara Pemasukan dan Pembukaan Surat Penawaran Harga Pek. Perbaikan Bangunan Jaga Pintu Air Marina;01/03/23;1;Berkas;
;20;;Daftar Hadir Pemasukan/Pembukaan Dokumen Penawaran (SPH);01/03/23;1;Berkas;
;21;PPBJ/2022;Berita Acara Pemberian Penjelasan (AANWIJING);;;Berkas;
;22;;Daftar Hadir Penjelasan (AANWIJING);;;Berkas;
;23;;Pakta Integritas Pek. Perbaikan Bangunan Jaga Pintu Air Marina;01/03/23;1;Berkas;
;24;PPBJ/2022;Undangan Pengadaan Langsung Pek. Perbaikan Bangunan Jaga Pintu Air Marina;28/02/23;1;Berkas;
;25;-1.793.2;Usulan Proses Pelaksanaan Permintaan Pengadaan Langsung;27/02/23;1;Berkas;
;26;;Rencana Anggaran Biaya Pek. Perbaikan Bangunan Jaga Pintu Air Marina;;1;Berkas;
;27;;Harga Perkiraan Sendiri Pek. Perbaikan Bangunan Jaga Pintu Air Marina;;1;Berkas;
;28;;Bill Of Quantity (BOQ);;1;Berkas;
;29;PPBJ/2022;Nota Dinas;;1;Berkas;
;30;;Kerangka Acuan Kerja;;1;Berkas;
;31;MJT/SPH/II/JU/2022;Penawaran Harga;01/03/23;1;Berkas;
;32;MJT/PPHP/II/JU/2022;Laporan Pekerjaan Selesai;01/03/23;1;Berkas;
;33;MJT/PPHP/II/JU/2022;Permohonan Pemeriksaan Hasil Pekerjaan;01/03/23;1;Berkas;
;34;-1.793.2;Pelaksanaan Pemeriksaan Hasil Pekerjaan;06/03/23;1;Berkas;
;35;BAP-ET/03/2022;Berita Acara Pemeriksaan / Evaluasi Teknis;10/04/23;1;Berkas;
;36;-1.793.2;Berita Acara Serah Terima Pekerjaan;11/04/23;1;Berkas;
;37;-1.793.2;Berita Acara Pemeliharaan Barang;11/04/23;1;Berkas;
;38;-1.793.2;Berita Acara Pembayaran;12/04/23;1;Berkas;
;39;-1.793.2;Penerbitan SPP-LS;12/04/23;1;Berkas;
;40;PPTK/2022;Permohonan Pemprosesan Tagihan Pihak Ketiga;12/04/23;1;Berkas;
;41;;Foto Pekerjaan ;;1;Berkas;
;42;;Tanda Terima SPM;;1;Berkas;
;43;SP2D/VI/2022;Surat Perintah Pencairan Dan ( SP2D );17/04/23;1;Berkas;
;44;;Check List ( SPM );;1;Berkas;
;45;;Check List ( SPP );;1;Berkas;
;46;SPM/10302201/VI/2022;Surat Perintah Membayar ( SPM );;1;Berkas;
;47;;Ringkasan Kontrak;;1;Berkas;
;48;;Surat Pernyataan Tanggung Jawab - LS;;1;Berkas;
;49;SPM/10302201/VI/2022;Surat Pernyataan Tanggung Jawab Pengajuan SPM-LS;17/04/23;1;Berkas;
;50;SPP/10302201/VI/2022;Surat Permintaan Pembayaran ( SPP );17/04/23;1;Berkas;
;51;MJT/KWT/III/JU/2022;Kwitansi;;1;Berkas;
;52;;Faktur Pajak;;1;Berkas;
;53;;NPWP ( Fotocopy );;1;Berkas;
;54;;Rekening Koran ;;1;Berkas;
;55;;Company Profile;;1;Berkas;
;;;;;53;Berkas;
